{
  "Link Color" : {
    "Red Component" : 0.023000000044703484,
    "Color Space" : "Calibrated",
    "Blue Component" : 0.67799997329711914,
    "Alpha Component" : 1,
    "Green Component" : 0.27000001072883606
  },
  "Tags" : [

  ],
  "Ansi 12 Color" : {
    "Red Component" : 0.091996639966964722,
    "Color Space" : "Calibrated",
    "Blue Component" : 0.78393226861953735,
    "Alpha Component" : 1,
    "Green Component" : 0.55553519725799561
  },
  "Ansi 7 Color" : {
    "Red Component" : 0.74226456880569458,
    "Color Space" : "Calibrated",
    "Blue Component" : 0.64005732536315918,
    "Alpha Component" : 1,
    "Green Component" : 0.71968567371368408
  },
  "Ansi 8 Color" : {
    "Red Component" : 0,
    "Color Space" : "Calibrated",
    "Blue Component" : 0.53505516052246094,
    "Alpha Component" : 1,
    "Green Component" : 0.39142724871635437
  },
  "Bold Color" : {
    "Red Component" : 0.55166667699813843,
    "Color Space" : "Calibrated",
    "Blue Component" : 0.63982522487640381,
    "Alpha Component" : 1,
    "Green Component" : 0.64553874731063843
  },
  "Ansi 9 Color" : {
    "Red Component" : 0.76900184154510498,
    "Color Space" : "Calibrated",
    "Blue Component" : 0.18882855772972107,
    "Alpha Component" : 1,
    "Green Component" : 0.071990303695201874
  },
  "Guid" : "3606CA5E-9A3B-4BEE-AE6A-28F179D7C511",
  "Horizontal Spacing" : 0.90000000000000002,
  "Rows" : 30,
  "Default Bookmark" : "No",
  "Cursor Guide Color" : {
    "Red Component" : 0.64999997615814209,
    "Color Space" : "Calibrated",
    "Blue Component" : 1,
    "Alpha Component" : 0.25,
    "Green Component" : 0.9100000262260437
  },
  "Non-ASCII Anti Aliased" : true,
  "Use Bright Bold" : true,
  "Ansi 10 Color" : {
    "Red Component" : 0.30564147233963013,
    "Color Space" : "Calibrated",
    "Blue Component" : 0.48973429203033447,
    "Alpha Component" : 1,
    "Green Component" : 0.72837483882904053
  },
  "Ambiguous Double Width" : false,
  "Jobs to Ignore" : [
    "rlogin",
    "ssh",
    "slogin",
    "telnet"
  ],
  "Ansi 15 Color" : {
    "Red Component" : 0.97949886322021484,
    "Color Space" : "Calibrated",
    "Blue Component" : 0.82914853096008301,
    "Alpha Component" : 1,
    "Green Component" : 0.94158482551574707
  },
  "Foreground Color" : {
    "Red Component" : 0.3655049204826355,
    "Color Space" : "Calibrated",
    "Blue Component" : 0.47297683358192444,
    "Alpha Component" : 1,
    "Green Component" : 0.47022110223770142
  },
  "Blinking Cursor" : false,
  "Disable Window Resizing" : true,
  "Sync Title" : false,
  "Prompt Before Closing 2" : false,
  "BM Growl" : true,
  "Command" : "",
  "Description" : "Default",
  "Mouse Reporting" : true,
  "Screen" : -1,
  "Selection Color" : {
    "Red Component" : 0,
    "Color Space" : "Calibrated",
    "Blue Component" : 0.28167051076889038,
    "Alpha Component" : 1,
    "Green Component" : 0.21576285362243652
  },
  "Columns" : 130,
  "Idle Code" : 0,
  "Ansi 13 Color" : {
    "Red Component" : 0.88624399900436401,
    "Color Space" : "Calibrated",
    "Blue Component" : 0.55838865041732788,
    "Alpha Component" : 1,
    "Green Component" : 0.30289158225059509
  },
  "Custom Command" : "No",
  "ASCII Anti Aliased" : true,
  "Non Ascii Font" : "Monaco 12",
  "Vertical Spacing" : 1.0800000000000001,
  "Use Bold Font" : true,
  "Option Key Sends" : 0,
  "Selected Text Color" : {
    "Red Component" : 0.47797361016273499,
    "Color Space" : "Calibrated",
    "Blue Component" : 0.55732053518295288,
    "Alpha Component" : 1,
    "Green Component" : 0.56244754791259766
  },
  "Background Color" : {
    "Red Component" : 0,
    "Color Space" : "Calibrated",
    "Blue Component" : 0.15170273184776306,
    "Alpha Component" : 1,
    "Green Component" : 0.11783610284328461
  },
  "Character Encoding" : 4,
  "Ansi 11 Color" : {
    "Red Component" : 0.69710838794708252,
    "Color Space" : "Calibrated",
    "Blue Component" : 0.1584954559803009,
    "Alpha Component" : 1,
    "Green Component" : 0.49430075287818909
  },
  "Use Italic Font" : true,
  "Unlimited Scrollback" : true,
  "Keyboard Map" : {
    "0xf700-0x260000" : {
      "Text" : "[1;6A",
      "Action" : 10
    },
    "0x37-0x40000" : {
      "Text" : "0x1f",
      "Action" : 11
    },
    "0x32-0x40000" : {
      "Text" : "0x00",
      "Action" : 11
    },
    "0xf709-0x20000" : {
      "Text" : "[17;2~",
      "Action" : 10
    },
    "0xf70c-0x20000" : {
      "Text" : "[20;2~",
      "Action" : 10
    },
    "0xf729-0x20000" : {
      "Text" : "[1;2H",
      "Action" : 10
    },
    "0xf72b-0x40000" : {
      "Text" : "[1;5F",
      "Action" : 10
    },
    "0xf705-0x20000" : {
      "Text" : "[1;2Q",
      "Action" : 10
    },
    "0xf703-0x260000" : {
      "Text" : "[1;6C",
      "Action" : 10
    },
    "0xf700-0x220000" : {
      "Text" : "[1;2A",
      "Action" : 10
    },
    "0xf701-0x280000" : {
      "Text" : "0x1b 0x1b 0x5b 0x42",
      "Action" : 11
    },
    "0x38-0x40000" : {
      "Text" : "0x7f",
      "Action" : 11
    },
    "0x33-0x40000" : {
      "Text" : "0x1b",
      "Action" : 11
    },
    "0xf703-0x220000" : {
      "Text" : "[1;2C",
      "Action" : 10
    },
    "0xf701-0x240000" : {
      "Text" : "[1;5B",
      "Action" : 10
    },
    "0xf70d-0x20000" : {
      "Text" : "[21;2~",
      "Action" : 10
    },
    "0xf702-0x260000" : {
      "Text" : "[1;6D",
      "Action" : 10
    },
    "0xf729-0x40000" : {
      "Text" : "[1;5H",
      "Action" : 10
    },
    "0xf706-0x20000" : {
      "Text" : "[1;2R",
      "Action" : 10
    },
    "0x34-0x40000" : {
      "Text" : "0x1c",
      "Action" : 11
    },
    "0xf700-0x280000" : {
      "Text" : "0x1b 0x1b 0x5b 0x41",
      "Action" : 11
    },
    "0x2d-0x40000" : {
      "Text" : "0x1f",
      "Action" : 11
    },
    "0xf70e-0x20000" : {
      "Text" : "[23;2~",
      "Action" : 10
    },
    "0xf702-0x220000" : {
      "Text" : "[1;2D",
      "Action" : 10
    },
    "0xf703-0x280000" : {
      "Text" : "0x1b 0x1b 0x5b 0x43",
      "Action" : 11
    },
    "0xf700-0x240000" : {
      "Text" : "[1;5A",
      "Action" : 10
    },
    "0xf707-0x20000" : {
      "Text" : "[1;2S",
      "Action" : 10
    },
    "0xf70a-0x20000" : {
      "Text" : "[18;2~",
      "Action" : 10
    },
    "0x35-0x40000" : {
      "Text" : "0x1d",
      "Action" : 11
    },
    "0xf70f-0x20000" : {
      "Text" : "[24;2~",
      "Action" : 10
    },
    "0xf703-0x240000" : {
      "Text" : "[1;5C",
      "Action" : 10
    },
    "0xf701-0x260000" : {
      "Text" : "[1;6B",
      "Action" : 10
    },
    "0xf702-0x280000" : {
      "Text" : "0x1b 0x1b 0x5b 0x44",
      "Action" : 11
    },
    "0xf72b-0x20000" : {
      "Text" : "[1;2F",
      "Action" : 10
    },
    "0x36-0x40000" : {
      "Text" : "0x1e",
      "Action" : 11
    },
    "0xf708-0x20000" : {
      "Text" : "[15;2~",
      "Action" : 10
    },
    "0xf701-0x220000" : {
      "Text" : "[1;2B",
      "Action" : 10
    },
    "0xf70b-0x20000" : {
      "Text" : "[19;2~",
      "Action" : 10
    },
    "0xf702-0x240000" : {
      "Text" : "[1;5D",
      "Action" : 10
    },
    "0xf704-0x20000" : {
      "Text" : "[1;2P",
      "Action" : 10
    }
  },
  "Window Type" : 0,
  "Background Image Location" : "",
  "Blur" : false,
  "Badge Color" : {
    "Red Component" : 1,
    "Color Space" : "Calibrated",
    "Blue Component" : 0,
    "Alpha Component" : 0.5,
    "Green Component" : 0
  },
  "Scrollback Lines" : 0,
  "Send Code When Idle" : false,
  "Close Sessions On End" : true,
  "Terminal Type" : "xterm-256color",
  "Visual Bell" : true,
  "Flashing Bell" : false,
  "Silence Bell" : false,
  "Ansi 14 Color" : {
    "Red Component" : 0,
    "Color Space" : "Calibrated",
    "Blue Component" : 0.62018769979476929,
    "Alpha Component" : 1,
    "Green Component" : 0.70167088508605957
  },
  "Name" : "Default",
  "Cursor Text Color" : {
    "Red Component" : 0,
    "Color Space" : "Calibrated",